"idAddress","Address","Address2","District","PostalCode","Phone","idCity","LastUpdate"
1,"47 MySakila Drive",,"Alberta","","",300,"2014-09-25T21:30:27.000Z"
2,"28 MySQL Boulevard",,"QLD","","",576,"2014-09-25T21:30:09.000Z"
3,"23 Workhaven Lane",,"Alberta","","14033335568",300,"2014-09-25T21:30:27.000Z"
4,"1411 Lillydale Drive",,"QLD","","6172235589",576,"2014-09-25T21:30:09.000Z"
5,"1913 Hanoi Way","","Nagasaki","35200","28303384290",463,"2014-09-25T21:31:53.000Z"
6,"1121 Loja Avenue","","California","17886","838635286649",449,"2014-09-25T21:34:01.000Z"
7,"692 Joliet Street","","Attika","83579","448477190408",38,"2014-09-25T21:31:07.000Z"
8,"1566 Inegl Manor","","Mandalay","53561","705814003527",349,"2014-09-25T21:32:18.000Z"
9,"53 Idfu Parkway","","Nantou","42399","10655648674",361,"2014-09-25T21:33:16.000Z"
10,"1795 Santiago de Compostela Way","","Texas","18743","860452626434",295,"2014-09-25T21:33:55.000Z"
11,"900 Santiago de Compostela Parkway","","Central Serbia","93896","716571220373",280,"2014-09-25T21:34:11.000Z"
12,"478 Joliet Way","","Hamilton","77948","657282285970",200,"2014-09-25T21:32:22.000Z"
13,"613 Korolev Drive","","Masqat","45844","380657522649",329,"2014-09-25T21:32:29.000Z"
14,"1531 Sal Drive","","Esfahan","53628","648856936185",162,"2014-09-25T21:31:36.000Z"
15,"1542 Tarlac Parkway","","Kanagawa","1027","635297277345",440,"2014-09-25T21:31:53.000Z"
16,"808 Bhopal Manor","","Haryana","10672","465887807014",582,"2014-09-25T21:31:30.000Z"
17,"270 Amroha Parkway","","Osmaniye","29610","695479687538",384,"2014-09-25T21:33:27.000Z"
18,"770 Bydgoszcz Avenue","","California","16266","517338314235",120,"2014-09-25T21:33:47.000Z"
19,"419 Iligan Lane","","Madhya Pradesh","72878","990911107354",76,"2014-09-25T21:31:13.000Z"
20,"360 Toulouse Parkway","","England","54308","949312333307",495,"2014-09-25T21:33:40.000Z"
21,"270 Toulon Boulevard","","Kalmykia","81766","407752414682",156,"2014-09-25T21:32:48.000Z"
22,"320 Brest Avenue","","Kaduna","43331","747791594069",252,"2014-09-25T21:32:25.000Z"
23,"1417 Lancaster Avenue","","Northern Cape","72192","272572357893",267,"2014-09-25T21:33:03.000Z"
24,"1688 Okara Way","","Nothwest Border Prov","21954","144453869132",327,"2014-09-25T21:32:30.000Z"
25,"262 A Corua (La Corua) Parkway","","Dhaka","34418","892775750063",525,"2014-09-25T21:30:12.000Z"
26,"28 Charlotte Amalie Street","","Rabat-Sal-Zammour-Z","37551","161968374323",443,"2014-09-25T21:32:16.000Z"
27,"1780 Hino Boulevard","","Liepaja","7716","902731229323",303,"2014-09-25T21:31:58.000Z"
28,"96 Tafuna Way","","Crdoba","99865","934730187245",128,"2014-09-25T21:30:05.000Z"
29,"934 San Felipe de Puerto Plata Street","","Sind","99780","196495945706",472,"2014-09-25T21:32:31.000Z"
30,"18 Duisburg Boulevard","","","58327","998009777982",121,"2014-09-25T21:31:08.000Z"
31,"217 Botshabelo Place","","Southern Mindanao","49521","665356572025",138,"2014-09-25T21:32:36.000Z"
32,"1425 Shikarpur Manor","","Bihar","65599","678220867005",346,"2014-09-25T21:31:20.000Z"
33,"786 Aurora Avenue","","Yamaguchi","65750","18461860151",474,"2014-09-25T21:31:53.000Z"
34,"1668 Anpolis Street","","Taipei","50199","525255540978",316,"2014-09-25T21:33:15.000Z"
35,"33 Gorontalo Way","","West Bengali","30348","745994947458",257,"2014-09-25T21:31:18.000Z"
36,"176 Mandaluyong Place","","Uttar Pradesh","65213","627705991774",239,"2014-09-25T21:31:17.000Z"
37,"127 Purnea (Purnia) Manor","","Piemonte","79388","911872220378",17,"2014-09-25T21:31:42.000Z"
38,"61 Tama Street","","Okayama","94065","708403338270",284,"2014-09-25T21:31:49.000Z"
39,"391 Callao Drive","","Midi-Pyrnes","34021","440512153169",544,"2014-09-25T21:31:01.000Z"
40,"334 Munger (Monghyr) Lane","","Markazi","38145","481183273622",31,"2014-09-25T21:31:36.000Z"
41,"1440 Fukuyama Loop","","Henan","47929","912257250465",362,"2014-09-25T21:30:40.000Z"
42,"269 Cam Ranh Parkway","","Chisinau","34689","489783829737",115,"2014-09-25T21:32:15.000Z"
43,"306 Antofagasta Place","","Esprito Santo","3989","378318851631",569,"2014-09-25T21:30:23.000Z"
44,"671 Graz Street","","Oriental","94399","680768868518",353,"2014-09-25T21:32:16.000Z"
45,"42 Brindisi Place","","Yerevan","16744","42384721397",586,"2014-09-25T21:30:08.000Z"
46,"1632 Bislig Avenue","","Nonthaburi","61117","471675840679",394,"2014-09-25T21:33:20.000Z"
47,"1447 Imus Way","","Tahiti","48942","539758313890",167,"2014-09-25T21:31:02.000Z"
48,"1998 Halifax Drive","","Lipetsk","76022","177727722820",308,"2014-09-25T21:32:54.000Z"
49,"1718 Valencia Street","","Antofagasta","37359","675292816413",27,"2014-09-25T21:30:29.000Z"
50,"46 Pjatigorsk Lane","","Moscow (City)","23616","262076994845",343,"2014-09-25T21:32:55.000Z"
51,"686 Garland Manor","","Cear","52535","69493378813",247,"2014-09-25T21:30:19.000Z"
52,"909 Garland Manor","","Tatarstan","69367","705800322606",367,"2014-09-25T21:32:55.000Z"
53,"725 Isesaki Place","","Mekka","74428","876295323994",237,"2014-09-25T21:33:00.000Z"
54,"115 Hidalgo Parkway","","Khartum","80168","307703950263",379,"2014-09-25T21:33:11.000Z"
55,"1135 Izumisano Parkway","","California","48150","171822533480",171,"2014-09-25T21:33:50.000Z"
56,"939 Probolinggo Loop","","Galicia","4166","680428310138",1,"2014-09-25T21:33:08.000Z"
57,"17 Kabul Boulevard","","Chiba","38594","697760867968",355,"2014-09-25T21:31:51.000Z"
58,"1964 Allappuzha (Alleppey) Street","","Yamaguchi","48980","920811325222",227,"2014-09-25T21:31:47.000Z"
59,"1697 Kowloon and New Kowloon Loop","","Moskova","57807","499352017190",49,"2014-09-25T21:32:47.000Z"
60,"1668 Saint Louis Place","","Tahiti","39072","347487831378",397,"2014-09-25T21:31:02.000Z"
61,"943 Tokat Street","","Vaduz","45428","889318963672",560,"2014-09-25T21:31:58.000Z"
62,"1114 Liepaja Street","","Sarawak","69226","212869228936",282,"2014-09-25T21:32:00.000Z"
63,"1213 Ranchi Parkway","","Karnataka","94352","800024380485",350,"2014-09-25T21:31:21.000Z"
64,"81 Hodeida Way","","Rajasthan","55561","250767749542",231,"2014-09-25T21:31:17.000Z"
65,"915 Ponce Place","","Basel-Stadt","83980","1395251317",56,"2014-09-25T21:33:12.000Z"
66,"1717 Guadalajara Lane","","Missouri","85505","914090181665",441,"2014-09-25T21:33:59.000Z"
67,"1214 Hanoi Way","","Nebraska","67055","491001136577",306,"2014-09-25T21:33:56.000Z"
68,"1966 Amroha Avenue","","Sichuan","70385","333489324603",139,"2014-09-25T21:30:32.000Z"
69,"698 Otsu Street","","Cayenne","71110","409983924481",105,"2014-09-25T21:31:02.000Z"
70,"1150 Kimchon Manor","","Skne ln","96109","663449333709",321,"2014-09-25T21:33:11.000Z"
71,"1586 Guaruj Place","","Hunan","5135","947233365992",579,"2014-09-25T21:30:46.000Z"
72,"57 Arlington Manor","","Madhya Pradesh","48960","990214419142",475,"2014-09-25T21:31:27.000Z"
73,"1031 Daugavpils Parkway","","Bchar","59025","107137400143",63,"2014-09-25T21:29:59.000Z"
74,"1124 Buenaventura Drive","","Mekka","6856","407733804223",13,"2014-09-25T21:32:59.000Z"
75,"492 Cam Ranh Street","","Eastern Visayas","50805","565018274456",61,"2014-09-25T21:32:34.000Z"
76,"89 Allappuzha (Alleppey) Manor","","National Capital Reg","75444","255800440636",517,"2014-09-25T21:32:39.000Z"
77,"1947 Poos de Caldas Boulevard","","Chiayi","60951","427454485876",114,"2014-09-25T21:33:14.000Z"
78,"1206 Dos Quebradas Place","","So Paulo","20207","241832790687",431,"2014-09-25T21:30:21.000Z"
79,"1551 Rampur Lane","","Changhwa","72394","251164340471",108,"2014-09-25T21:33:14.000Z"
80,"602 Paarl Street","","Pavlodar","98889","896314772871",402,"2014-09-25T21:31:55.000Z"
81,"1692 Ede Loop","","So Paulo","9223","918711376618",30,"2014-09-25T21:30:16.000Z"
82,"936 Salzburg Lane","","Uttar Pradesh","96709","875756771675",425,"2014-09-25T21:31:24.000Z"
83,"586 Tete Way","","Kanagawa","1079","18581624103",256,"2014-09-25T21:31:48.000Z"
84,"1888 Kabul Drive","","Oyo & Osun","20936","701457319790",217,"2014-09-25T21:32:24.000Z"
85,"320 Baiyin Parkway","","Mahajanga","37307","223664661973",319,"2014-09-25T21:31:59.000Z"
86,"927 Baha Blanca Parkway","","Krim","9495","821972242086",479,"2014-09-25T21:33:33.000Z"
87,"929 Tallahassee Loop","","Gauteng","74671","800716535041",497,"2014-09-25T21:33:06.000Z"
88,"125 Citt del Vaticano Boulevard","","Puebla","67912","48417642933",40,"2014-09-25T21:32:02.000Z"
89,"1557 Ktahya Boulevard","","England","88002","720998247660",88,"2014-09-25T21:33:36.000Z"
90,"870 Ashqelon Loop","","Songkhla","84931","135117278909",489,"2014-09-25T21:33:20.000Z"
91,"1740 Portoviejo Avenue","","Sucre","29932","198123170793",480,"2014-09-25T21:30:53.000Z"
92,"1942 Ciparay Parkway","","Cheju","82624","978987363654",113,"2014-09-25T21:33:06.000Z"
93,"1926 El Alto Avenue","","Buenos Aires","75543","846225459260",289,"2014-09-25T21:30:05.000Z"
94,"1952 Chatsworth Drive","","Guangdong","25958","991562402283",332,"2014-09-25T21:30:40.000Z"
95,"1370 Le Mans Avenue","","Brunei and Muara","52163","345679835036",53,"2014-09-25T21:30:23.000Z"
96,"984 Effon-Alaiye Avenue","","Gois","17119","132986892228",183,"2014-09-25T21:30:17.000Z"
97,"832 Nakhon Sawan Manor","","Inner Mongolia","49021","275595571388",592,"2014-09-25T21:30:50.000Z"
98,"152 Kitwe Parkway","","Caraga","53182","835433605312",82,"2014-09-25T21:32:35.000Z"
99,"1697 Tanauan Lane","","Punjab","22870","4764773857",399,"2014-09-25T21:31:22.000Z"
100,"1308 Arecibo Way","","Georgia","30695","6171054059",41,"2014-09-25T21:33:43.000Z"
101,"1599 Plock Drive","","Tete","71986","817248913162",534,"2014-09-25T21:32:18.000Z"
102,"669 Firozabad Loop","","Abu Dhabi","92265","412903167998",12,"2014-09-25T21:33:35.000Z"
103,"588 Vila Velha Manor","","Kyongsangbuk","51540","333339908719",268,"2014-09-25T21:33:07.000Z"
104,"1913 Kamakura Place","","Lipetsk","97287","942570536750",238,"2014-09-25T21:32:49.000Z"
105,"733 Mandaluyong Place","","Asir","77459","196568435814",2,"2014-09-25T21:32:59.000Z"
106,"659 Vaduz Drive","","Ha Darom","49708","709935135487",34,"2014-09-25T21:31:40.000Z"
107,"1177 Jelets Way","","Kwara & Kogi","3305","484292626944",220,"2014-09-25T21:32:24.000Z"
108,"1386 Yangor Avenue","","Provence-Alpes-Cte","80720","449216226468",543,"2014-09-25T21:31:01.000Z"
109,"454 Nakhon Sawan Boulevard","","Funafuti","76383","963887147572",173,"2014-09-25T21:33:31.000Z"
110,"1867 San Juan Bautista Tuxtepec Avenue","","Ivanovo","78311","547003310357",225,"2014-09-25T21:32:48.000Z"
111,"1532 Dzerzinsk Way","","Buenos Aires","9599","330838016880",334,"2014-09-25T21:30:06.000Z"
112,"1002 Ahmadnagar Manor","","Mxico","93026","371490777743",213,"2014-09-25T21:32:07.000Z"
113,"682 Junan Way","","North West","30418","622255216127",273,"2014-09-25T21:33:04.000Z"
114,"804 Elista Drive","","Hubei","61069","379804592943",159,"2014-09-25T21:30:33.000Z"
115,"1378 Alvorada Avenue","","Distrito Federal","75834","272234298332",102,"2014-09-25T21:34:03.000Z"
116,"793 Cam Ranh Avenue","","California","87057","824370924746",292,"2014-09-25T21:33:55.000Z"
117,"1079 Tel Aviv-Jaffa Boulevard","","Sucre","10885","358178933857",132,"2014-09-25T21:34:04.000Z"
118,"442 Rae Bareli Place","","Nordrhein-Westfalen","24321","886636413768",148,"2014-09-25T21:31:04.000Z"
119,"1107 Nakhon Sawan Avenue","","Mxico","75149","867546627903",365,"2014-09-25T21:32:11.000Z"
120,"544 Malm Parkway","","Central Java","63502","386759646229",403,"2014-09-25T21:31:34.000Z"
121,"1967 Sincelejo Place","","Gujarat","73644","577812616052",176,"2014-09-25T21:31:16.000Z"
122,"333 Goinia Way","","Texas","78625","909029256431",185,"2014-09-25T21:33:51.000Z"
123,"1987 Coacalco de Berriozbal Loop","","al-Qalyubiya","96065","787654415858",476,"2014-09-25T21:30:58.000Z"
124,"241 Mosul Lane","","Risaralda","76157","765345144779",147,"2014-09-25T21:30:52.000Z"
125,"211 Chiayi Drive","","Uttar Pradesh","58186","665993880048",164,"2014-09-25T21:31:15.000Z"
126,"1175 Tanauan Way","","Lima","64615","937222955822",305,"2014-09-25T21:32:33.000Z"
127,"117 Boa Vista Way","","Uttar Pradesh","6804","677976133614",566,"2014-09-25T21:31:29.000Z"
128,"848 Tafuna Manor","","Ktahya","45142","614935229095",281,"2014-09-25T21:33:27.000Z"
129,"569 Baicheng Lane","","Gauteng","60304","490211944645",85,"2014-09-25T21:33:02.000Z"
130,"1666 Qomsheh Drive","","So Paulo","66255","582835362905",410,"2014-09-25T21:30:20.000Z"
131,"801 Hagonoy Drive","","Smolensk","8439","237426099212",484,"2014-09-25T21:32:57.000Z"
132,"1050 Garden Grove Avenue","","Slaskie","4999","973047364353",236,"2014-09-25T21:32:42.000Z"
133,"1854 Tieli Street","","Shandong","15819","509492324775",302,"2014-09-25T21:30:39.000Z"
134,"758 Junan Lane","","Gois","82639","935448624185",190,"2014-09-25T21:30:18.000Z"
135,"1752 So Leopoldo Parkway","","Taka-Karpatia","14014","252265130067",345,"2014-09-25T21:33:32.000Z"
136,"898 Belm Manor","","Free State","49757","707169393853",87,"2014-09-25T21:33:02.000Z"
137,"261 Saint Louis Way","","Coahuila de Zaragoza","83401","321944036800",541,"2014-09-25T21:32:13.000Z"
138,"765 Southampton Drive","","al-Qalyubiya","4285","23712411567",421,"2014-09-25T21:30:57.000Z"
139,"943 Johannesburg Avenue","","Maharashtra","5892","90921003005",417,"2014-09-25T21:31:24.000Z"
140,"788 Atinsk Street","","Karnataka","81691","146497509724",211,"2014-09-25T21:31:17.000Z"
141,"1749 Daxian Place","","Gelderland","11044","963369996279",29,"2014-09-25T21:32:20.000Z"
142,"1587 Sullana Lane","","Inner Mongolia","85769","468060467018",207,"2014-09-25T21:30:35.000Z"
143,"1029 Dzerzinsk Manor","","Ynlin","57519","33173584456",542,"2014-09-25T21:33:16.000Z"
144,"1666 Beni-Mellal Place","","Tennessee","13377","9099941466",123,"2014-09-25T21:33:48.000Z"
145,"928 Jaffna Loop","","Hiroshima","93762","581852137991",172,"2014-09-25T21:31:45.000Z"
146,"483 Ljubertsy Parkway","","Scotland","60562","581174211853",149,"2014-09-25T21:33:36.000Z"
147,"374 Bat Yam Boulevard","","Kilis","97700","923261616249",266,"2014-09-25T21:33:26.000Z"
148,"1027 Songkhla Manor","","Minsk","30861","563660187896",340,"2014-09-25T21:30:13.000Z"
149,"999 Sanaa Loop","","Gauteng","3439","918032330119",491,"2014-09-25T21:33:05.000Z"
150,"879 Newcastle Way","","Michigan","90732","206841104594",499,"2014-09-25T21:34:01.000Z"
151,"1337 Lincoln Parkway","","Saitama","99457","597815221267",555,"2014-09-25T21:31:55.000Z"
152,"1952 Pune Lane","","Saint-Denis","92150","354615066969",442,"2014-09-25T21:32:46.000Z"
153,"782 Mosul Street","","Massachusetts","25545","885899703621",94,"2014-09-25T21:33:46.000Z"
154,"781 Shimonoseki Drive","","Michoacn de Ocampo","95444","632316273199",202,"2014-09-25T21:32:06.000Z"
155,"1560 Jelets Boulevard","","Shandong","77777","189446090264",291,"2014-09-25T21:30:38.000Z"
156,"1963 Moscow Place","","Assam","64863","761379480249",354,"2014-09-25T21:31:21.000Z"
157,"456 Escobar Way","","Jakarta Raya","36061","719202533520",232,"2014-09-25T21:31:33.000Z"
158,"798 Cianjur Avenue","","Shanxi","76990","499408708580",590,"2014-09-25T21:30:49.000Z"
159,"185 Novi Sad Place","","Bern","41778","904253967161",72,"2014-09-25T21:33:13.000Z"
160,"1367 Yantai Manor","","Ondo & Ekiti","21294","889538496300",381,"2014-09-25T21:32:26.000Z"
161,"1386 Nakhon Sawan Boulevard","","Pyongyang-si","53502","368899174225",420,"2014-09-25T21:32:28.000Z"
162,"369 Papeete Way","","North Carolina","66639","170117068815",187,"2014-09-25T21:33:52.000Z"
163,"1440 Compton Place","","North Austria","81037","931059836497",307,"2014-09-25T21:30:10.000Z"
164,"1623 Baha Blanca Manor","","Moskova","81511","149981248346",310,"2014-09-25T21:32:54.000Z"
165,"97 Shimoga Avenue","","Tel Aviv","44660","177167004331",533,"2014-09-25T21:31:41.000Z"
166,"1740 Le Mans Loop","","Pays de la Loire","22853","168476538960",297,"2014-09-25T21:31:01.000Z"
167,"1287 Xiangfan Boulevard","","Gifu","57844","819416131190",253,"2014-09-25T21:31:48.000Z"
168,"842 Salzburg Lane","","Adana","3313","697151428760",529,"2014-09-25T21:33:29.000Z"
169,"154 Tallahassee Loop","","Xinxiang","62250","935508855935",199,"2014-09-25T21:30:34.000Z"
170,"710 San Felipe del Progreso Avenue","","Lilongwe","76901","843801144113",304,"2014-09-25T21:31:59.000Z"
171,"1540 Wroclaw Drive","","Maharashtra","62686","182363341674",107,"2014-09-25T21:31:14.000Z"
172,"475 Atinsk Way","","Gansu","59571","201705577290",240,"2014-09-25T21:30:36.000Z"
173,"1294 Firozabad Drive","","Jiangxi","70618","161801569569",407,"2014-09-25T21:30:40.000Z"
174,"1877 Ezhou Lane","","Rajasthan","63337","264541743403",550,"2014-09-25T21:31:28.000Z"
175,"316 Uruapan Street","","Perak","58194","275788967899",223,"2014-09-25T21:31:59.000Z"
176,"29 Pyongyang Loop","","Batman","47753","734780743462",58,"2014-09-25T21:33:23.000Z"
177,"1010 Klerksdorp Way","","Steiermark","6802","493008546874",186,"2014-09-25T21:30:10.000Z"
178,"1848 Salala Boulevard","","Miranda","25220","48265851133",373,"2014-09-25T21:34:04.000Z"
179,"431 Xiangtan Avenue","","Kerala","4854","230250973122",18,"2014-09-25T21:31:10.000Z"
180,"757 Rustenburg Avenue","","Skikda","89668","506134035434",483,"2014-09-25T21:30:01.000Z"
181,"146 Johannesburg Way","","Tamaulipas","54132","953689007081",330,"2014-09-25T21:32:09.000Z"
182,"1891 Rizhao Boulevard","","So Paulo","47288","391065549876",456,"2014-09-25T21:30:21.000Z"
183,"1089 Iwatsuki Avenue","","Kirov","35109","866092335135",270,"2014-09-25T21:32:50.000Z"
184,"1410 Benin City Parkway","","Risaralda","29747","104150372603",405,"2014-09-25T21:30:52.000Z"
185,"682 Garden Grove Place","","Tennessee","67497","72136330362",333,"2014-09-25T21:33:57.000Z"
186,"533 al-Ayn Boulevard","","California","8862","662227486184",126,"2014-09-25T21:33:48.000Z"
187,"1839 Szkesfehrvr Parkway","","Gois","55709","947468818183",317,"2014-09-25T21:30:20.000Z"
188,"741 Ambattur Manor","","Noord-Brabant","43310","302590383819",438,"2014-09-25T21:32:21.000Z"
189,"927 Barcelona Street","","Chaharmahal va Bakht","65121","951486492670",467,"2014-09-25T21:31:38.000Z"
190,"435 0 Way","","West Bengali","74750","760171523969",195,"2014-09-25T21:31:16.000Z"
191,"140 Chiayi Parkway","","Sumy","38982","855863906434",506,"2014-09-25T21:33:34.000Z"
192,"1166 Changhwa Street","","Caraga","58852","650752094490",62,"2014-09-25T21:32:34.000Z"
193,"891 Novi Sad Manor","","Ontario","5379","247646995453",383,"2014-09-25T21:30:28.000Z"
194,"605 Rio Claro Parkway","","Tabora","49348","352469351088",513,"2014-09-25T21:33:18.000Z"
195,"1077 San Felipe de Puerto Plata Place","","Rostov-na-Donu","65387","812824036424",369,"2014-09-25T21:32:56.000Z"
196,"9 San Miguel de Tucumn Manor","","Uttar Pradesh","90845","956188728558",169,"2014-09-25T21:31:15.000Z"
197,"447 Surakarta Loop","","Nyanza","10428","940830176580",271,"2014-09-25T21:31:56.000Z"
198,"345 Oshawa Boulevard","","Tokyo-to","32114","104491201771",204,"2014-09-25T21:31:45.000Z"
199,"1792 Valle de la Pascua Place","","Nordrhein-Westfalen","15540","419419591240",477,"2014-09-25T21:31:06.000Z"
200,"1074 Binzhou Manor","","Baden-Wrttemberg","36490","331132568928",325,"2014-09-25T21:31:05.000Z"
201,"817 Bradford Loop","","Jiangsu","89459","264286442804",109,"2014-09-25T21:30:31.000Z"
202,"955 Bamenda Way","","Ondo & Ekiti","1545","768481779568",218,"2014-09-25T21:32:24.000Z"
203,"1149 A Corua (La Corua) Boulevard","","Haiphong","95824","470884141195",194,"2014-09-25T21:34:06.000Z"
204,"387 Mwene-Ditu Drive","","Ahal","8073","764477681869",35,"2014-09-25T21:33:30.000Z"
205,"68 Molodetno Manor","","Nordrhein-Westfalen","4662","146640639760",575,"2014-09-25T21:31:06.000Z"
206,"642 Nador Drive","","Maharashtra","3924","369050085652",77,"2014-09-25T21:31:13.000Z"
207,"1688 Nador Lane","","Sulawesi Utara","61613","652218196731",184,"2014-09-25T21:31:32.000Z"
208,"1215 Pyongyang Parkway","","Usak","25238","646237101779",557,"2014-09-25T21:33:30.000Z"
209,"1679 Antofagasta Street","","Alto Paran","86599","905903574913",122,"2014-09-25T21:32:32.000Z"
210,"1304 s-Hertogenbosch Way","","Santa Catarina","10925","90336226227",83,"2014-09-25T21:30:16.000Z"
211,"850 Salala Loop","","Kitaa","10800","403404780639",371,"2014-09-25T21:31:07.000Z"
212,"624 Oshawa Boulevard","","West Bengali","89959","49677664184",51,"2014-09-25T21:31:11.000Z"
213,"43 Dadu Avenue","","Rajasthan","4855","95666951770",74,"2014-09-25T21:31:12.000Z"
214,"751 Lima Loop","","Aden","99405","756460337785",7,"2014-09-25T21:34:08.000Z"
215,"1333 Haldia Street","","Jilin","82161","408304391718",174,"2014-09-25T21:30:33.000Z"
216,"660 Jedda Boulevard","","Washington","25053","168758068397",65,"2014-09-25T21:33:45.000Z"
217,"1001 Miyakonojo Lane","","Taizz","67924","584316724815",518,"2014-09-25T21:34:11.000Z"
218,"226 Brest Manor","","California","2299","785881412500",508,"2014-09-25T21:34:02.000Z"
219,"1229 Valencia Parkway","","Haskovo","99124","352679173732",498,"2014-09-25T21:30:24.000Z"
220,"1201 Qomsheh Manor","","Gois","21464","873492228462",28,"2014-09-25T21:30:15.000Z"
221,"866 Shivapuri Manor","","Uttar Pradesh","22474","778502731092",448,"2014-09-25T21:31:26.000Z"
222,"1168 Najafabad Parkway","","Kabol","40301","886649065861",251,"2014-09-25T21:29:59.000Z"
223,"1244 Allappuzha (Alleppey) Place","","Buenos Aires","20657","991802825778",567,"2014-09-25T21:30:08.000Z"
224,"1842 Luzinia Boulevard","","Zanzibar West","94420","706878974831",593,"2014-09-25T21:33:19.000Z"
225,"1926 Gingoog Street","","Sisilia","22824","469738825391",511,"2014-09-25T21:31:44.000Z"
226,"810 Palghat (Palakkad) Boulevard","","Jaroslavl","73431","516331171356",235,"2014-09-25T21:32:49.000Z"
227,"1820 Maring Parkway","","Punjab","88307","99760893676",324,"2014-09-25T21:32:30.000Z"
228,"60 Poos de Caldas Street","","Rajasthan","82338","963063788669",243,"2014-09-25T21:31:18.000Z"
229,"1014 Loja Manor","","Tamil Nadu","66851","460795526514",22,"2014-09-25T21:31:10.000Z"
230,"201 Effon-Alaiye Way","","Asuncin","64344","684192903087",37,"2014-09-25T21:32:31.000Z"
231,"430 Alessandria Loop","","Saarland","47446","669828224459",439,"2014-09-25T21:31:06.000Z"
232,"754 Valencia Place","","Phnom Penh","87911","594319417514",406,"2014-09-25T21:30:25.000Z"
233,"356 Olomouc Manor","","Gois","93323","22326410776",26,"2014-09-25T21:30:15.000Z"
234,"1256 Bislig Boulevard","","Botosani","50598","479007229460",86,"2014-09-25T21:32:46.000Z"
235,"954 Kimchon Place","","West Bengali","42420","541327526474",559,"2014-09-25T21:31:28.000Z"
236,"885 Yingkou Manor","","Kaduna","31390","588964509072",596,"2014-09-25T21:32:28.000Z"
237,"1736 Cavite Place","","Qina","98775","431770603551",216,"2014-09-25T21:30:56.000Z"
238,"346 Skikda Parkway","","Hawalli","90628","630424482919",233,"2014-09-25T21:31:57.000Z"
239,"98 Stara Zagora Boulevard","","Valle","76448","610173756082",96,"2014-09-25T21:30:51.000Z"
240,"1479 Rustenburg Boulevard","","Southern Tagalog","18727","727785483194",527,"2014-09-25T21:32:40.000Z"
241,"647 A Corua (La Corua) Street","","Chollanam","36971","792557457753",357,"2014-09-25T21:33:07.000Z"
242,"1964 Gijn Manor","","Karnataka","14408","918119601885",473,"2014-09-25T21:31:26.000Z"
243,"47 Syktyvkar Lane","","West Java","22236","63937119031",118,"2014-09-25T21:31:31.000Z"
244,"1148 Saarbrcken Parkway","","Fukushima","1921","137773001988",226,"2014-09-25T21:31:47.000Z"
245,"1103 Bilbays Parkway","","Hubei","87660","279979529227",578,"2014-09-25T21:30:45.000Z"
246,"1246 Boksburg Parkway","","Hebei","28349","890283544295",422,"2014-09-25T21:30:41.000Z"
247,"1483 Pathankot Street","","Tucumn","37288","686015532180",454,"2014-09-25T21:30:06.000Z"
248,"582 Papeete Loop","","Central Visayas","27722","569868543137",294,"2014-09-25T21:32:38.000Z"
249,"300 Junan Street","","Kyonggi","81314","890289150158",553,"2014-09-25T21:33:08.000Z"
250,"829 Grand Prairie Way","","Paran","6461","741070712873",328,"2014-09-25T21:30:20.000Z"
251,"1473 Changhwa Parkway","","Mxico","75933","266798132374",124,"2014-09-25T21:32:03.000Z"
252,"1309 Weifang Street","","Florida","57338","435785045362",520,"2014-09-25T21:34:02.000Z"
253,"1760 Oshawa Manor","","Tianjin","38140","56257502250",535,"2014-09-25T21:30:43.000Z"
254,"786 Stara Zagora Way","","Oyo & Osun","98332","716256596301",390,"2014-09-25T21:32:27.000Z"
255,"1966 Tonghae Street","","Anhalt Sachsen","36481","567359279425",198,"2014-09-25T21:31:05.000Z"
256,"1497 Yuzhou Drive","","England","3433","246810237916",312,"2014-09-25T21:33:37.000Z"
258,"752 Ondo Loop","","Miyazaki","32474","134673576619",338,"2014-09-25T21:31:50.000Z"
259,"1338 Zalantun Lane","","Minas Gerais","45403","840522972766",413,"2014-09-25T21:30:21.000Z"
260,"127 Iwakuni Boulevard","","Central Luzon","20777","987442542471",192,"2014-09-25T21:32:37.000Z"
261,"51 Laredo Avenue","","Sagaing","68146","884536620568",342,"2014-09-25T21:32:18.000Z"
262,"771 Yaound Manor","","Sofala","86768","245477603573",64,"2014-09-25T21:32:17.000Z"
263,"532 Toulon Street","","Santiago","69517","46871694740",460,"2014-09-25T21:30:55.000Z"
264,"1027 Banjul Place","","West Bengali","50390","538241037443",197,"2014-09-25T21:31:16.000Z"
265,"1158 Mandi Bahauddin Parkway","","Shanxi","98484","276555730211",136,"2014-09-25T21:30:32.000Z"
266,"862 Xintai Lane","","Cagayan Valley","30065","265153400632",548,"2014-09-25T21:32:41.000Z"
267,"816 Cayenne Parkway","","Manab","93629","282874611748",414,"2014-09-25T21:30:56.000Z"
268,"1831 Nam Dinh Loop","","National Capital Reg","51990","322888976727",323,"2014-09-25T21:32:38.000Z"
269,"446 Kirovo-Tepetsk Lane","","Osaka","19428","303967439816",203,"2014-09-25T21:31:45.000Z"
270,"682 Halisahar Place","","Severn Morava","20536","475553436330",378,"2014-09-25T21:30:54.000Z"
271,"1587 Loja Manor","","Salzburg","5410","621625204422",447,"2014-09-25T21:30:10.000Z"
272,"1762 Paarl Parkway","","Hunan","53928","192459639410",298,"2014-09-25T21:30:39.000Z"
273,"1519 Ilorin Place","","Kerala","49298","357445645426",395,"2014-09-25T21:31:21.000Z"
274,"920 Kumbakonam Loop","","California","75090","685010736240",446,"2014-09-25T21:34:00.000Z"
275,"906 Goinia Way","","Wielkopolskie","83565","701767622697",255,"2014-09-25T21:32:42.000Z"
276,"1675 Xiangfan Manor","","Tamil Nadu","11763","271149517630",283,"2014-09-25T21:31:20.000Z"
277,"85 San Felipe de Puerto Plata Drive","","Shandong","46063","170739645687",584,"2014-09-25T21:30:48.000Z"
278,"144 South Hill Loop","","Guanajuato","2012","45387294817",445,"2014-09-25T21:32:11.000Z"
279,"1884 Shikarpur Avenue","","Haryana","85548","959949395183",263,"2014-09-25T21:31:19.000Z"
280,"1980 Kamjanets-Podilskyi Street","","Illinois","89502","874337098891",404,"2014-09-25T21:33:57.000Z"
281,"1944 Bamenda Way","","Michigan","24645","75975221996",573,"2014-09-25T21:34:03.000Z"
282,"556 Baybay Manor","","Oyo & Osun","55802","363982224739",374,"2014-09-25T21:32:25.000Z"
283,"457 Tongliao Loop","","Bursa","56254","880756161823",222,"2014-09-25T21:33:25.000Z"
284,"600 Bradford Street","","East Azerbaidzan","96204","117592274996",514,"2014-09-25T21:31:40.000Z"
285,"1006 Santa Brbara dOeste Manor","","Ondo & Ekiti","36229","85059738746",389,"2014-09-25T21:32:26.000Z"
286,"1308 Sumy Loop","","Fujian","30657","583021225407",175,"2014-09-25T21:30:34.000Z"
287,"1405 Chisinau Place","","Ponce","8160","62781725285",411,"2014-09-25T21:32:45.000Z"
288,"226 Halifax Street","","Xinxiang","58492","790651020929",277,"2014-09-25T21:30:38.000Z"
289,"1279 Udine Parkway","","Edo & Delta","75860","195003555232",69,"2014-09-25T21:32:23.000Z"
290,"1336 Benin City Drive","","Shiga","46044","341242939532",386,"2014-09-25T21:31:53.000Z"
291,"1155 Liaocheng Place","","Oyo & Osun","22650","558236142492",152,"2014-09-25T21:32:23.000Z"
292,"1993 Tabuk Lane","","Tamil Nadu","64221","648482415405",522,"2014-09-25T21:31:27.000Z"
293,"86 Higashiosaka Lane","","Guanajuato","33768","957128697225",563,"2014-09-25T21:32:14.000Z"
294,"1912 Allende Manor","","Kowloon and New Kowl","58124","172262454487",279,"2014-09-25T21:31:09.000Z"
295,"544 Tarsus Boulevard","","Gurico","53145","892523334",562,"2014-09-25T21:34:05.000Z"
296,"1936 Cuman Avenue","","Virginia","61195","976798660411",433,"2014-09-25T21:33:58.000Z"
297,"1192 Tongliao Street","","Sharja","19065","350970907017",470,"2014-09-25T21:33:35.000Z"
298,"44 Najafabad Way","","Baskimaa","61391","96604821070",146,"2014-09-25T21:33:08.000Z"
299,"32 Pudukkottai Lane","","Ohio","38834","967274728547",140,"2014-09-25T21:33:49.000Z"
300,"661 Chisinau Lane","","Pietari","8856","816436065431",274,"2014-09-25T21:32:51.000Z"
301,"951 Stara Zagora Manor","","Punjab","98573","429925609431",400,"2014-09-25T21:31:22.000Z"
302,"922 Vila Velha Loop","","Maharashtra","4085","510737228015",9,"2014-09-25T21:31:10.000Z"
303,"898 Jining Lane","","Pohjois-Pohjanmaa","40070","161643343536",387,"2014-09-25T21:31:00.000Z"
304,"1635 Kuwana Boulevard","","Hiroshima","52137","710603868323",205,"2014-09-25T21:31:46.000Z"
305,"41 El Alto Parkway","","Maharashtra","56883","51917807050",398,"2014-09-25T21:31:22.000Z"
306,"1883 Maikop Lane","","Kaliningrad","68469","96110042435",254,"2014-09-25T21:32:50.000Z"
307,"1908 Gaziantep Place","","Liaoning","58979","108053751300",536,"2014-09-25T21:30:43.000Z"
308,"687 Alessandria Parkway","","Sanaa","57587","407218522294",455,"2014-09-25T21:34:10.000Z"
309,"827 Yuncheng Drive","","Callao","79047","504434452842",99,"2014-09-25T21:32:32.000Z"
310,"913 Coacalco de Berriozbal Loop","","Texas","42141","262088367001",33,"2014-09-25T21:33:43.000Z"
311,"715 So Bernardo do Campo Lane","","Kedah","84804","181179321332",507,"2014-09-25T21:32:00.000Z"
312,"1354 Siegen Street","","Rio de Janeiro","80184","573441801529",25,"2014-09-25T21:30:15.000Z"
313,"1191 Sungai Petani Boulevard","","Missouri","9668","983259819766",262,"2014-09-25T21:33:54.000Z"
314,"1224 Huejutla de Reyes Boulevard","","Lombardia","70923","806016930576",91,"2014-09-25T21:31:43.000Z"
315,"543 Bergamo Avenue","","Minas Gerais","59686","103602195112",215,"2014-09-25T21:30:18.000Z"
316,"746 Joliet Lane","","Kursk","94878","688485191923",286,"2014-09-25T21:32:52.000Z"
317,"780 Kimberley Way","","Tabuk","17032","824396883951",515,"2014-09-25T21:33:00.000Z"
318,"1774 Yaound Place","","Hubei","91400","613124286867",166,"2014-09-25T21:30:33.000Z"
319,"1957 Yantai Lane","","So Paulo","59255","704948322302",490,"2014-09-25T21:30:22.000Z"
320,"1542 Lubumbashi Boulevard","","Tel Aviv","62472","508800331065",57,"2014-09-25T21:31:41.000Z"
321,"651 Pathankot Loop","","Maharashtra","59811","139378397418",336,"2014-09-25T21:31:20.000Z"
322,"1359 Zhoushan Parkway","","Streymoyar","29763","46568045367",545,"2014-09-25T21:30:59.000Z"
323,"1769 Iwaki Lane","","Kujawsko-Pomorskie","25787","556100547674",97,"2014-09-25T21:32:41.000Z"
324,"1145 Vilnius Manor","","Mxico","73170","674805712553",451,"2014-09-25T21:32:12.000Z"
325,"1892 Nabereznyje Telny Lane","","Tutuila","28396","478229987054",516,"2014-09-25T21:30:02.000Z"
326,"470 Boksburg Street","","Central","97960","908029859266",81,"2014-09-25T21:32:19.000Z"
327,"1427 A Corua (La Corua) Place","","Buenos Aires","85799","972574862516",45,"2014-09-25T21:30:04.000Z"
328,"479 San Felipe del Progreso Avenue","","Morelos","54949","869051782691",130,"2014-09-25T21:32:04.000Z"
329,"867 Benin City Avenue","","Henan","78543","168884817145",591,"2014-09-25T21:30:50.000Z"
330,"981 Kumbakonam Place","","Distrito Federal","87611","829116184079",89,"2014-09-25T21:30:17.000Z"
331,"1016 Iwakuni Street","","St George","49833","961370847344",269,"2014-09-25T21:32:59.000Z"
332,"663 Baha Blanca Parkway","","Adana","33463","834418779292",5,"2014-09-25T21:33:22.000Z"
333,"1860 Taguig Loop","","West Java","59550","38158430589",119,"2014-09-25T21:31:32.000Z"
334,"1816 Bydgoszcz Loop","","Dhaka","64308","965273813662",234,"2014-09-25T21:30:12.000Z"
335,"587 Benguela Manor","","Illinois","91590","165450987037",42,"2014-09-25T21:33:44.000Z"
336,"430 Kumbakonam Drive","","Santa F","28814","105470691550",457,"2014-09-25T21:30:07.000Z"
337,"1838 Tabriz Lane","","Dhaka","1195","38988715447",143,"2014-09-25T21:30:12.000Z"
338,"431 Szkesfehrvr Avenue","","Baki","57828","119501405123",48,"2014-09-25T21:30:11.000Z"
339,"503 Sogamoso Loop","","Sumqayit","49812","834626715837",505,"2014-09-25T21:30:11.000Z"
340,"507 Smolensk Loop","","Sousse","22971","80303246192",492,"2014-09-25T21:33:21.000Z"
341,"1920 Weifang Avenue","","Uttar Pradesh","15643","869507847714",427,"2014-09-25T21:31:25.000Z"
342,"124 al-Manama Way","","Hiroshima","52368","647899404952",382,"2014-09-25T21:31:52.000Z"
343,"1443 Mardan Street","","Western Cape","31483","231383037471",392,"2014-09-25T21:33:05.000Z"
344,"1909 Benguela Lane","","Henan","19913","624138001031",581,"2014-09-25T21:30:47.000Z"
345,"68 Ponce Parkway","","Hanoi","85926","870635127812",201,"2014-09-25T21:34:06.000Z"
346,"1217 Konotop Avenue","","Gelderland","504","718917251754",151,"2014-09-25T21:32:20.000Z"
347,"1293 Nam Dinh Way","","Roraima","71583","697656479977",84,"2014-09-25T21:30:17.000Z"
348,"785 Vaduz Street","","Baja California","36170","895616862749",335,"2014-09-25T21:32:10.000Z"
349,"1516 Escobar Drive","","Tongatapu","46069","64536069371",370,"2014-09-25T21:33:20.000Z"
350,"1628 Nagareyama Lane","","Central","60079","20064292617",453,"2014-09-25T21:32:32.000Z"
351,"1157 Nyeri Loop","","Adygea","56380","262744791493",320,"2014-09-25T21:32:55.000Z"
352,"1673 Tangail Drive","","Daugavpils","26857","627924259271",137,"2014-09-25T21:31:57.000Z"
353,"381 Kabul Way","","Taipei","87272","55477302294",209,"2014-09-25T21:33:15.000Z"
354,"953 Hodeida Street","","Southern Tagalog","18841","53912826864",221,"2014-09-25T21:32:37.000Z"
355,"469 Nakhon Sawan Street","","Tuvassia","58866","689199636560",531,"2014-09-25T21:32:58.000Z"
356,"1378 Beira Loop","","Krasnojarsk","40792","840957664136",597,"2014-09-25T21:32:58.000Z"
357,"1641 Changhwa Place","","Nord-Ouest","37636","256546485220",52,"2014-09-25T21:30:25.000Z"
358,"1698 Southport Loop","","Hidalgo","49009","754358349853",393,"2014-09-25T21:32:11.000Z"
359,"519 Nyeri Manor","","So Paulo","37650","764680915323",461,"2014-09-25T21:30:21.000Z"
360,"619 Hunuco Avenue","","Shimane","81508","142596392389",331,"2014-09-25T21:31:50.000Z"
361,"45 Aparecida de Goinia Place","","Madhya Pradesh","7431","650496654258",464,"2014-09-25T21:31:26.000Z"
362,"482 Kowloon and New Kowloon Manor","","Bratislava","97056","738968474939",90,"2014-09-25T21:33:02.000Z"
363,"604 Bern Place","","Jharkhand","5373","620719383725",429,"2014-09-25T21:31:25.000Z"
364,"1623 Kingstown Drive","","Buenos Aires","91299","296394569728",20,"2014-09-25T21:30:04.000Z"
365,"1009 Zanzibar Lane","","Arecibo","64875","102396298916",32,"2014-09-25T21:32:45.000Z"
366,"114 Jalib al-Shuyukh Manor","","Centre","60440","845378657301",585,"2014-09-25T21:30:25.000Z"
367,"1163 London Parkway","","Par","6066","675120358494",66,"2014-09-25T21:30:16.000Z"
368,"1658 Jastrzebie-Zdrj Loop","","Central","96584","568367775448",372,"2014-09-25T21:31:56.000Z"
369,"817 Laredo Avenue","","Jalisco","77449","151249681135",188,"2014-09-25T21:32:06.000Z"
370,"1565 Tangail Manor","","Okinawa","45750","634445428822",377,"2014-09-25T21:31:52.000Z"
371,"1912 Emeishan Drive","","Balikesir","33050","99883471275",50,"2014-09-25T21:33:22.000Z"
372,"230 Urawa Drive","","Andhra Pradesh","2738","166898395731",8,"2014-09-25T21:31:09.000Z"
373,"1922 Miraj Way","","Esfahan","13203","320471479776",356,"2014-09-25T21:31:37.000Z"
374,"433 Florencia Street","","Chihuahua","91330","561729882725",250,"2014-09-25T21:32:08.000Z"
375,"1049 Matamoros Parkway","","Karnataka","69640","960505250340",191,"2014-09-25T21:31:16.000Z"
376,"1061 Ede Avenue","","Southern Tagalog","57810","333390595558",98,"2014-09-25T21:32:35.000Z"
377,"154 Oshawa Manor","","East Java","72771","440365973660",415,"2014-09-25T21:31:34.000Z"
378,"1191 Tandil Drive","","Southern Tagalog","6362","45554316010",523,"2014-09-25T21:32:40.000Z"
379,"1133 Rizhao Avenue","","Pernambuco","2800","600264533987",572,"2014-09-25T21:30:23.000Z"
380,"1519 Santiago de los Caballeros Loop","","East Kasai","22025","409315295763",348,"2014-09-25T21:30:53.000Z"
381,"1618 Olomouc Manor","","Kurgan","26385","96846695220",285,"2014-09-25T21:32:51.000Z"
382,"220 Hidalgo Drive","","Kermanshah","45298","342720754566",265,"2014-09-25T21:31:37.000Z"
383,"686 Donostia-San Sebastin Lane","","Guangdong","97390","71857599858",471,"2014-09-25T21:30:42.000Z"
384,"97 Mogiljov Lane","","Gujarat","89294","924815207181",73,"2014-09-25T21:31:11.000Z"
385,"1642 Charlotte Amalie Drive","","Slaskie","75442","821476736117",549,"2014-09-25T21:32:44.000Z"
386,"1368 Maracabo Boulevard","","","32716","934352415130",493,"2014-09-25T21:30:03.000Z"
387,"401 Sucre Boulevard","","New Hampshire","25007","486395999608",322,"2014-09-25T21:33:56.000Z"
388,"368 Hunuco Boulevard","","Namibe","17165","106439158941",360,"2014-09-25T21:30:03.000Z"
389,"500 Lincoln Parkway","","Jiangsu","95509","550306965159",210,"2014-09-25T21:30:35.000Z"
390,"102 Chapra Drive","","Ibaragi","14073","776031833752",521,"2014-09-25T21:31:54.000Z"
391,"1793 Meixian Place","","Hmelnytskyi","33535","619966287415",258,"2014-09-25T21:33:31.000Z"
392,"514 Ife Way","","Shaba","69973","900235712074",315,"2014-09-25T21:30:53.000Z"
393,"717 Changzhou Lane","","Southern Tagalog","21615","426255288071",104,"2014-09-25T21:32:36.000Z"
394,"753 Ilorin Avenue","","Sichuan","3656","464511145118",157,"2014-09-25T21:30:32.000Z"
395,"1337 Mit Ghamr Avenue","","Nakhon Sawan","29810","175283210378",358,"2014-09-25T21:33:19.000Z"
396,"767 Pyongyang Drive","","Osaka","83536","667736124769",229,"2014-09-25T21:31:48.000Z"
397,"614 Pak Kret Street","","Addis Abeba","27796","47808359842",6,"2014-09-25T21:30:59.000Z"
398,"954 Lapu-Lapu Way","","Moskova","8816","737229003916",278,"2014-09-25T21:32:51.000Z"
399,"331 Bydgoszcz Parkway","","Asturia","966","537374465982",181,"2014-09-25T21:33:09.000Z"
400,"1152 Citrus Heights Manor","","al-Qadarif","5239","765957414528",15,"2014-09-25T21:33:11.000Z"
401,"168 Cianjur Manor","","Saitama","73824","679095087143",228,"2014-09-25T21:31:48.000Z"
402,"616 Hagonoy Avenue","","Krasnojarsk","46043","604177838256",39,"2014-09-25T21:32:47.000Z"
403,"1190 0 Place","","Rio Grande do Sul","10417","841876514789",44,"2014-09-25T21:30:16.000Z"
404,"734 Bchar Place","","Punjab","30586","280578750435",375,"2014-09-25T21:32:31.000Z"
405,"530 Lausanne Lane","","Texas","11067","775235029633",135,"2014-09-25T21:33:49.000Z"
406,"454 Patiala Lane","","Fukushima","13496","794553031307",276,"2014-09-25T21:31:49.000Z"
407,"1346 Mysore Drive","","Bretagne","61507","516647474029",92,"2014-09-25T21:31:00.000Z"
408,"990 Etawah Loop","","Tamil Nadu","79940","206169448769",564,"2014-09-25T21:31:29.000Z"
409,"1266 Laredo Parkway","","Saitama","7664","1483365694",380,"2014-09-25T21:31:52.000Z"
410,"88 Nagaon Manor","","Buenos Aires","86868","779461480495",524,"2014-09-25T21:30:07.000Z"
411,"264 Bhimavaram Manor","","St Thomas","54749","302526949177",111,"2014-09-25T21:34:08.000Z"
412,"1639 Saarbrcken Drive","","North West","9827","328494873422",437,"2014-09-25T21:33:05.000Z"
413,"692 Amroha Drive","","Northern","35575","359478883004",230,"2014-09-25T21:33:10.000Z"
414,"1936 Lapu-Lapu Parkway","","Bauchi & Gombe","7122","653436985797",141,"2014-09-25T21:32:23.000Z"
415,"432 Garden Grove Street","","Ontario","65630","615964523510",430,"2014-09-25T21:30:28.000Z"
416,"1445 Carmen Parkway","","West Java","70809","598912394463",117,"2014-09-25T21:31:30.000Z"
417,"791 Salinas Street","","Punjab","40509","129953030512",208,"2014-09-25T21:31:17.000Z"
418,"126 Acua Parkway","","West Bengali","58888","480039662421",71,"2014-09-25T21:31:11.000Z"
419,"397 Sunnyvale Avenue","","Guanajuato","55566","680851640676",19,"2014-09-25T21:32:01.000Z"
420,"992 Klerksdorp Loop","","Utrecht","33711","855290087237",23,"2014-09-25T21:32:19.000Z"
421,"966 Arecibo Loop","","Sind","94018","15273765306",134,"2014-09-25T21:32:30.000Z"
422,"289 Santo Andr Manor","","al-Sharqiya","72410","214976066017",16,"2014-09-25T21:32:59.000Z"
423,"437 Chungho Drive","","Puerto Plata","59489","491271355190",450,"2014-09-25T21:30:55.000Z"
424,"1948 Bayugan Parkway","","Bihar","60622","987306329957",264,"2014-09-25T21:31:19.000Z"
425,"1866 al-Qatif Avenue","","California","89420","546793516940",155,"2014-09-25T21:33:50.000Z"
426,"1661 Abha Drive","","Tamil Nadu","14400","270456873752",416,"2014-09-25T21:31:23.000Z"
427,"1557 Cape Coral Parkway","","Hubei","46875","368284120423",293,"2014-09-25T21:30:38.000Z"
428,"1727 Matamoros Place","","Sawhaj","78813","129673677866",465,"2014-09-25T21:30:57.000Z"
429,"1269 Botosani Manor","","Guangdong","47394","736517327853",468,"2014-09-25T21:30:42.000Z"
430,"355 Vitria de Santo Anto Way","","Oaxaca","81758","548003849552",452,"2014-09-25T21:32:13.000Z"
431,"1596 Acua Parkway","","Jharkhand","70425","157133457169",418,"2014-09-25T21:31:24.000Z"
432,"259 Ipoh Drive","","So Paulo","64964","419009857119",189,"2014-09-25T21:30:18.000Z"
433,"1823 Hoshiarpur Lane","","Komi","33191","307133768620",510,"2014-09-25T21:32:57.000Z"
434,"1404 Taguig Drive","","Okayama","87212","572068624538",547,"2014-09-25T21:31:54.000Z"
435,"740 Udaipur Lane","","Nizni Novgorod","33505","497288595103",150,"2014-09-25T21:32:47.000Z"
436,"287 Cuautla Boulevard","","Chuquisaca","72736","82619513349",501,"2014-09-25T21:30:14.000Z"
437,"1766 Almirante Brown Street","","KwaZulu-Natal","63104","617567598243",364,"2014-09-25T21:33:04.000Z"
438,"596 Huixquilucan Place","","Nampula","65892","342709348083",351,"2014-09-25T21:32:17.000Z"
439,"1351 Aparecida de Goinia Parkway","","Northern Mindanao","41775","959834530529",391,"2014-09-25T21:32:38.000Z"
440,"722 Bradford Lane","","Shandong","90920","746251338300",249,"2014-09-25T21:30:37.000Z"
441,"983 Santa F Way","","British Colombia","47472","145720452260",565,"2014-09-25T21:30:28.000Z"
442,"1245 Ibirit Way","","La Romana","40926","331888642162",290,"2014-09-25T21:30:54.000Z"
443,"1836 Korla Parkway","","Copperbelt","55405","689681677428",272,"2014-09-25T21:34:11.000Z"
444,"231 Kaliningrad Place","","Lombardia","57833","575081026569",70,"2014-09-25T21:31:42.000Z"
445,"495 Bhimavaram Lane","","Maharashtra","3","82088937724",144,"2014-09-25T21:31:15.000Z"
446,"1924 Shimonoseki Drive","","Batna","52625","406784385440",59,"2014-09-25T21:29:59.000Z"
447,"105 Dzerzinsk Manor","","Inner Mongolia","48570","240776414296",540,"2014-09-25T21:30:44.000Z"
448,"614 Denizli Parkway","","Rio Grande do Sul","29444","876491807547",486,"2014-09-25T21:30:22.000Z"
449,"1289 Belm Boulevard","","Tartumaa","88306","237368926031",530,"2014-09-25T21:30:58.000Z"
450,"203 Tambaram Street","","Buenos Aires","73942","411549550611",161,"2014-09-25T21:30:05.000Z"
451,"1704 Tambaram Manor","","West Bengali","2834","39463554936",554,"2014-09-25T21:31:28.000Z"
452,"207 Cuernavaca Loop","","Tatarstan","52671","782900030287",352,"2014-09-25T21:32:55.000Z"
453,"319 Springs Loop","","Baijeri","99552","72524459905",160,"2014-09-25T21:31:05.000Z"
454,"956 Nam Dinh Manor","","Kerman","21872","474047727727",481,"2014-09-25T21:31:39.000Z"
455,"1947 Paarl Way","","Central Java","23636","834061016202",509,"2014-09-25T21:31:35.000Z"
456,"814 Simferopol Loop","","Sinaloa","48745","524567129902",154,"2014-09-25T21:32:05.000Z"
457,"535 Ahmadnagar Manor","","Abu Dhabi","41136","985109775584",3,"2014-09-25T21:33:34.000Z"
458,"138 Caracas Boulevard","","Zulia","16790","974433019532",326,"2014-09-25T21:34:04.000Z"
459,"251 Florencia Drive","","Michoacn de Ocampo","16119","118011831565",556,"2014-09-25T21:32:13.000Z"
460,"659 Gatineau Boulevard","","La Paz","28587","205524798287",153,"2014-09-25T21:30:13.000Z"
461,"1889 Valparai Way","","Ziguinchor","75559","670370974122",600,"2014-09-25T21:33:01.000Z"
462,"1485 Bratislava Place","","Illinois","83183","924663855568",435,"2014-09-25T21:33:59.000Z"
463,"935 Aden Boulevard","","Central Java","64709","335052544020",532,"2014-09-25T21:31:35.000Z"
464,"76 Kermanshah Manor","","Esfahan","23343","762361821578",423,"2014-09-25T21:31:37.000Z"
465,"734 Tanshui Avenue","","Caquet","70664","366776723320",170,"2014-09-25T21:30:52.000Z"
466,"118 Jaffna Loop","","Northern Mindanao","10447","325526730021",182,"2014-09-25T21:32:36.000Z"
467,"1621 Tongliao Avenue","","Irkutsk","22173","209342540247",558,"2014-09-25T21:32:58.000Z"
468,"1844 Usak Avenue","","Nova Scotia","84461","164414772677",196,"2014-09-25T21:30:27.000Z"
469,"1872 Toulon Loop","","OHiggins","7939","928809465153",428,"2014-09-25T21:30:30.000Z"
470,"1088 Ibirit Place","","Jalisco","88502","49084281333",595,"2014-09-25T21:32:15.000Z"
471,"1322 Mosul Parkway","","Shandong","95400","268053970382",145,"2014-09-25T21:30:32.000Z"
472,"1447 Chatsworth Place","","Chihuahua","41545","769370126331",129,"2014-09-25T21:32:04.000Z"
473,"1257 Guadalajara Street","","Karnataka","33599","195337700615",78,"2014-09-25T21:31:14.000Z"
474,"1469 Plock Lane","","Galicia","95835","622884741180",388,"2014-09-25T21:33:09.000Z"
475,"434 Ourense (Orense) Manor","","Hodeida","14122","562370137426",206,"2014-09-25T21:34:10.000Z"
476,"270 Tambaram Parkway","","Gauteng","9668","248446668735",244,"2014-09-25T21:33:03.000Z"
477,"1786 Salinas Place","","Nam Ha","66546","206060652238",359,"2014-09-25T21:34:07.000Z"
478,"1078 Stara Zagora Drive","","Aceh","69221","932992626595",301,"2014-09-25T21:31:33.000Z"
479,"1854 Okara Boulevard","","Drenthe","42123","131912793873",158,"2014-09-25T21:32:21.000Z"
480,"421 Yaound Street","","Sumy","11363","726875628268",385,"2014-09-25T21:33:33.000Z"
481,"1153 Allende Way","","Qubec","20336","856872225376",179,"2014-09-25T21:30:26.000Z"
482,"808 Naala-Porto Parkway","","England","41060","553452430707",500,"2014-09-25T21:33:41.000Z"
483,"632 Usolje-Sibirskoje Parkway","","Ha Darom","73085","667648979883",36,"2014-09-25T21:31:41.000Z"
484,"98 Pyongyang Boulevard","","Ohio","88749","191958435142",11,"2014-09-25T21:33:42.000Z"
485,"984 Novoterkassk Loop","","Gaziantep","28165","435118527255",180,"2014-09-25T21:33:25.000Z"
486,"64 Korla Street","","Mwanza","25145","510383179153",347,"2014-09-25T21:33:17.000Z"
487,"1785 So Bernardo do Campo Street","","Veracruz","71182","684529463244",125,"2014-09-25T21:32:04.000Z"
488,"698 Jelets Boulevard","","Denizli","2596","975185523021",142,"2014-09-25T21:33:24.000Z"
489,"1297 Alvorada Parkway","","Ningxia","11839","508348602835",587,"2014-09-25T21:30:49.000Z"
490,"1909 Dayton Avenue","","Guangdong","88513","702955450528",469,"2014-09-25T21:30:42.000Z"
491,"1789 Saint-Denis Parkway","","Coahuila de Zaragoza","8268","936806643983",4,"2014-09-25T21:32:01.000Z"
492,"185 Mannheim Lane","","Stavropol","23661","589377568313",408,"2014-09-25T21:32:56.000Z"
493,"184 Mandaluyong Street","","Baja California Sur","94239","488425406814",288,"2014-09-25T21:32:09.000Z"
494,"591 Sungai Petani Drive","","Okayama","46400","37247325001",376,"2014-09-25T21:31:51.000Z"
495,"656 Matamoros Drive","","Boyac","19489","17305839123",487,"2014-09-25T21:30:53.000Z"
496,"775 ostka Drive","","al-Daqahliya","22358","171973024401",337,"2014-09-25T21:30:57.000Z"
497,"1013 Tabuk Boulevard","","West Bengali","96203","158399646978",261,"2014-09-25T21:31:19.000Z"
498,"319 Plock Parkway","","Istanbul","26101","854259976812",504,"2014-09-25T21:33:28.000Z"
499,"1954 Kowloon and New Kowloon Way","","Chimborazo","63667","898559280434",434,"2014-09-25T21:30:56.000Z"
500,"362 Rajkot Lane","","Gansu","98030","962020153680",47,"2014-09-25T21:30:31.000Z"
501,"1060 Tandil Lane","","Shandong","72349","211256301880",432,"2014-09-25T21:30:41.000Z"
502,"1515 Korla Way","","England","57197","959467760895",589,"2014-09-25T21:33:42.000Z"
503,"1416 San Juan Bautista Tuxtepec Avenue","","Zufar","50592","144206758053",444,"2014-09-25T21:32:29.000Z"
504,"1 Valle de Santiago Avenue","","Apulia","86208","465897838272",93,"2014-09-25T21:31:43.000Z"
505,"519 Brescia Parkway","","East Java","69504","793996678771",318,"2014-09-25T21:31:33.000Z"
506,"414 Mandaluyong Street","","Lubelskie","16370","52709222667",314,"2014-09-25T21:32:43.000Z"
507,"1197 Sokoto Boulevard","","West Bengali","87687","868602816371",478,"2014-09-25T21:31:27.000Z"
508,"496 Celaya Drive","","Nagano","90797","759586584889",552,"2014-09-25T21:31:54.000Z"
509,"786 Matsue Way","","Illinois","37469","111177206479",245,"2014-09-25T21:33:54.000Z"
510,"48 Maracabo Place","","Central Luzon","1570","82671830126",519,"2014-09-25T21:32:39.000Z"
511,"1152 al-Qatif Lane","","Kalimantan Barat","44816","131370665218",412,"2014-09-25T21:31:34.000Z"
512,"1269 Ipoh Avenue","","Eskisehir","54674","402630109080",163,"2014-09-25T21:33:24.000Z"
513,"758 Korolev Parkway","","Andhra Pradesh","75474","441628280920",568,"2014-09-25T21:31:29.000Z"
514,"1747 Rustenburg Place","","Bihar","51369","442673923363",110,"2014-09-25T21:31:14.000Z"
515,"886 Tonghae Place","","Volgograd","19450","711928348157",259,"2014-09-25T21:32:50.000Z"
516,"1574 Goinia Boulevard","","Heilongjiang","39529","59634255214",502,"2014-09-25T21:30:43.000Z"
517,"548 Uruapan Street","","Ontario","35653","879347453467",312,"2014-09-25T21:33:38.000Z"
519,"962 Tama Loop","","","65952","282667506728",583,"2014-09-25T21:32:19.000Z"
520,"1778 Gijn Manor","","Hubei","35156","288910576761",594,"2014-09-25T21:30:50.000Z"
521,"568 Dhule (Dhulia) Loop","","Coquimbo","92568","602101369463",127,"2014-09-25T21:30:30.000Z"
522,"1768 Udine Loop","","Battambang","32347","448876499197",60,"2014-09-25T21:30:24.000Z"
523,"608 Birgunj Parkway","","Taipei","400","627425618482",116,"2014-09-25T21:33:14.000Z"
524,"680 A Corua (La Corua) Manor","","Sivas","49806","158326114853",482,"2014-09-25T21:33:28.000Z"
525,"1949 Sanya Street","","Gumma","61244","132100972047",224,"2014-09-25T21:31:47.000Z"
526,"617 Klerksdorp Place","","Khanh Hoa","94707","574973479129",366,"2014-09-25T21:34:07.000Z"
527,"1993 0 Loop","","Liaoning","41214","25865528181",588,"2014-09-25T21:30:49.000Z"
528,"1176 Southend-on-Sea Manor","","Southern Tagalog","81651","236679267178",458,"2014-09-25T21:32:39.000Z"
529,"600 Purnea (Purnia) Avenue","","Nghe An","18043","638409958875",571,"2014-09-25T21:34:07.000Z"
530,"1003 Qinhuangdao Street","","West Java","25972","35533115997",419,"2014-09-25T21:31:35.000Z"
531,"1986 Sivas Place","","Friuli-Venezia Giuli","95775","182059202712",551,"2014-09-25T21:31:44.000Z"
532,"1427 Tabuk Place","","Florida","31342","214756839122",101,"2014-09-25T21:33:47.000Z"
533,"556 Asuncin Way","","Mogiljov","35364","338244023543",339,"2014-09-25T21:30:13.000Z"
534,"486 Ondo Parkway","","Benguela","35202","105882218332",67,"2014-09-25T21:30:02.000Z"
535,"635 Brest Manor","","Andhra Pradesh","40899","80593242951",75,"2014-09-25T21:31:13.000Z"
536,"166 Jinchang Street","","Buenos Aires","86760","717566026669",165,"2014-09-25T21:30:05.000Z"
537,"958 Sagamihara Lane","","Mie","88408","427274926505",287,"2014-09-25T21:31:50.000Z"
538,"1817 Livorno Way","","Khanh Hoa","79401","478380208348",100,"2014-09-25T21:34:05.000Z"
539,"1332 Gaziantep Lane","","Shandong","22813","383353187467",80,"2014-09-25T21:30:31.000Z"
540,"949 Allende Lane","","Uttar Pradesh","67521","122981120653",24,"2014-09-25T21:31:11.000Z"
541,"195 Ilorin Street","","Chari-Baguirmi","49250","8912935608",363,"2014-09-25T21:30:29.000Z"
542,"193 Bhusawal Place","","Kang-won","9750","745267607502",539,"2014-09-25T21:33:07.000Z"
543,"43 Vilnius Manor","","Colorado","79814","484500282381",42,"2014-09-25T21:33:44.000Z"
544,"183 Haiphong Street","","Jilin","69953","488600270038",46,"2014-09-25T21:30:30.000Z"
545,"163 Augusta-Richmond County Loop","","Carabobo","33030","754579047924",561,"2014-09-25T21:34:05.000Z"
546,"191 Jos Azueta Parkway","","Ruse","13629","932156667696",436,"2014-09-25T21:30:23.000Z"
547,"379 Lublin Parkway","","Toscana","74568","921960450089",309,"2014-09-25T21:31:44.000Z"
548,"1658 Cuman Loop","","Sumatera Selatan","51309","784907335610",396,"2014-09-25T21:31:34.000Z"
549,"454 Qinhuangdao Drive","","Tadla-Azilal","25866","786270036240",68,"2014-09-25T21:32:16.000Z"
550,"1715 Okayama Street","","So Paulo","55676","169352919175",485,"2014-09-25T21:30:22.000Z"
551,"182 Nukualofa Drive","","Sumy","15414","426346224043",275,"2014-09-25T21:33:32.000Z"
552,"390 Wroclaw Way","","Hainan","5753","357593328658",462,"2014-09-25T21:30:41.000Z"
553,"1421 Quilmes Lane","","Ishikawa","19151","135407755975",260,"2014-09-25T21:31:49.000Z"
554,"947 Trshavn Place","","Central Luzon","841","50898428626",528,"2014-09-25T21:32:40.000Z"
555,"1764 Jalib al-Shuyukh Parkway","","Galicia","77642","84794532510",459,"2014-09-25T21:33:10.000Z"
556,"346 Cam Ranh Avenue","","Zhejiang","39976","978430786151",599,"2014-09-25T21:30:51.000Z"
557,"1407 Pachuca de Soto Place","","Rio Grande do Sul","26284","380077794770",21,"2014-09-25T21:30:14.000Z"
558,"904 Clarksville Drive","","Zhejiang","52234","955349440539",193,"2014-09-25T21:30:34.000Z"
559,"1917 Kumbakonam Parkway","","Vojvodina","11892","698182547686",368,"2014-09-25T21:34:11.000Z"
560,"1447 Imus Place","","Gujarat","12905","62127829280",426,"2014-09-25T21:31:25.000Z"
561,"1497 Fengshan Drive","","KwaZulu-Natal","63022","368738360376",112,"2014-09-25T21:33:03.000Z"
562,"869 Shikarpur Way","","England","57380","590764256785",496,"2014-09-25T21:33:40.000Z"
563,"1059 Yuncheng Avenue","","Vilna","47498","107092893983",570,"2014-09-25T21:31:58.000Z"
564,"505 Madiun Boulevard","","Dolnoslaskie","97271","970638808606",577,"2014-09-25T21:32:44.000Z"
565,"1741 Hoshiarpur Boulevard","","al-Sharqiya","22372","855066328617",79,"2014-09-25T21:30:56.000Z"
566,"1229 Varanasi (Benares) Manor","","Buenos Aires","40195","817740355461",43,"2014-09-25T21:30:04.000Z"
567,"1894 Boa Vista Way","","Texas","77464","239357986667",178,"2014-09-25T21:33:51.000Z"
568,"1342 Sharja Way","","Sokoto & Kebbi & Zam","93655","946114054231",488,"2014-09-25T21:32:27.000Z"
569,"1342 Abha Boulevard","","Bukarest","10714","997453607116",95,"2014-09-25T21:32:46.000Z"
570,"415 Pune Avenue","","Shandong","44274","203202500108",580,"2014-09-25T21:30:47.000Z"
571,"1746 Faaa Way","","Huanuco","32515","863080561151",214,"2014-09-25T21:32:33.000Z"
572,"539 Hami Way","","Tokat","52196","525518075499",538,"2014-09-25T21:33:29.000Z"
573,"1407 Surakarta Manor","","Moskova","33224","324346485054",466,"2014-09-25T21:32:56.000Z"
574,"502 Mandi Bahauddin Parkway","","Anzotegui","15992","618156722572",55,"2014-09-25T21:34:03.000Z"
575,"1052 Pathankot Avenue","","Sichuan","77397","128499386727",299,"2014-09-25T21:30:39.000Z"
576,"1351 Sousse Lane","","Coahuila de Zaragoza","37815","203804046132",341,"2014-09-25T21:32:10.000Z"
577,"1501 Pangkal Pinang Avenue","","Mazowieckie","943","770864062795",409,"2014-09-25T21:32:43.000Z"
578,"1405 Hagonoy Avenue","","Slaskie","86587","867287719310",133,"2014-09-25T21:32:42.000Z"
579,"521 San Juan Bautista Tuxtepec Place","","Qaraghandy","95093","844018348565",598,"2014-09-25T21:31:56.000Z"
580,"923 Tangail Boulevard","","Tokyo-to","33384","315528269898",10,"2014-09-25T21:31:45.000Z"
581,"186 Skikda Lane","","Morelos","89422","14465669789",131,"2014-09-25T21:32:05.000Z"
582,"1568 Celaya Parkway","","Kaohsiung","34750","278669994384",168,"2014-09-25T21:33:15.000Z"
583,"1489 Kakamigahara Lane","","Taipei","98883","29341849811",526,"2014-09-25T21:33:16.000Z"
584,"1819 Alessandria Loop","","Campeche","53829","377633994405",103,"2014-09-25T21:32:02.000Z"
585,"1208 Tama Loop","","Ninawa","73605","954786054144",344,"2014-09-25T21:31:40.000Z"
586,"951 Springs Lane","","Central Mindanao","96115","165164761435",219,"2014-09-25T21:32:37.000Z"
587,"760 Miyakonojo Drive","","Guerrero","64682","294449058179",246,"2014-09-25T21:32:08.000Z"
588,"966 Asuncin Way","","Hidalgo","62703","995527378381",212,"2014-09-25T21:32:07.000Z"
589,"1584 Ljubertsy Lane","","England","22954","285710089439",494,"2014-09-25T21:33:38.000Z"
590,"247 Jining Parkway","","Banjul","53446","170115379190",54,"2014-09-25T21:31:04.000Z"
591,"773 Dallas Manor","","Buenos Aires","12664","914466027044",424,"2014-09-25T21:30:06.000Z"
592,"1923 Stara Zagora Lane","","Nantou","95179","182178609211",546,"2014-09-25T21:33:17.000Z"
593,"1402 Zanzibar Boulevard","","Guanajuato","71102","387448063440",106,"2014-09-25T21:32:03.000Z"
594,"1464 Kursk Parkway","","Shandong","17381","338758048786",574,"2014-09-25T21:30:44.000Z"
595,"1074 Sanaa Parkway","","Loja","22474","154124128457",311,"2014-09-25T21:30:55.000Z"
596,"1759 Niznekamsk Avenue","","al-Manama","39414","864392582257",14,"2014-09-25T21:30:11.000Z"
597,"32 Liaocheng Way","","Minas Gerais","1944","410877354933",248,"2014-09-25T21:30:19.000Z"
598,"42 Fontana Avenue","","Fejr","14684","437829801725",512,"2014-09-25T21:31:09.000Z"
599,"1895 Zhezqazghan Drive","","California","36693","137809746111",177,"2014-09-25T21:33:51.000Z"
600,"1837 Kaduna Parkway","","Inner Mongolia","82580","640843562301",241,"2014-09-25T21:30:37.000Z"
601,"844 Bucuresti Place","","Liaoning","36603","935952366111",242,"2014-09-25T21:30:37.000Z"
602,"1101 Bucuresti Boulevard","","West Greece","97661","199514580428",401,"2014-09-25T21:31:07.000Z"
603,"1103 Quilmes Boulevard","","Piura","52137","644021380889",503,"2014-09-25T21:32:34.000Z"
604,"1331 Usak Boulevard","","Vaud","61960","145308717464",296,"2014-09-25T21:33:14.000Z"
605,"1325 Fukuyama Street","","Heilongjiang","27107","288241215394",537,"2014-09-25T21:30:44.000Z"